time; CO2_4deg;CO2_22deg;CO2_40deg;13C_4deg;13C_22deg;13C_40deg
0.5;0.03;0.31;0.84;-28.36056338;-31.35774648;-31.35774648
3;0.02;0.18;0.35;-26.86197183;-30.41126761;-30.92394366
6;0.01;0.13;0.28;;-30.01690141;-29.66197183
12;0.01;0.12;0.18;-25.36338028;-28.7943662;-28.91267606
24;0.01;0.11;0.12;-26.66478873;-28.91267606;-28.55774648
48;0.01;0.09;0.11;-26.46760563;-28.55774648;-27.96619718
